{
    "contenedores": {
      "Grande": ["Grande ancho", "Grande alto"],
      "Mediano": ["Mediano ancho", "Mediano alto", "Pequeño"],
      "Vertical": ["Grande alto", "Mediano alto"]
    },
    "envases": {
      "Grande ancho": {"valido_para": ["Alimentos"], "liquidos_aceptados": ["Agua", "Leche", "Aceite", "Vinagre"]},
      "Grande alto": {"valido_para": ["Alimentos"], "liquidos_aceptados": ["Agua", "Leche", "Aceite", "Vinagre"]},
      "Mediano ancho": {"valido_para": ["Alimentos"], "liquidos_aceptados": ["Agua", "Leche", "Aceite", "Vinagre"]},
      "Mediano alto": {"resistente_a": ["Sustancias corrosivas"], "liquidos_aceptados": ["Lejía", "Amoniaco", "Jabón", "Aguarrás", "Gasolina", "Alcohol"]},
      "Pequeño": {"resistente_a": ["Sustancias corrosivas"], "liquidos_aceptados": ["Lejía", "Amoniaco", "Jabón", "Aguarrás", "Gasolina", "Alcohol"]}
    },
    "liquidos": ["Agua", "Leche", "Lejía", "Amoniaco", "Jabón", "Aguarrás", "Gasolina", "Aceite", "Vinagre", "Alcohol"]
  }
  